1,Stephen Curry,PG,27,GSW,0.504,0.454,0.566,0.908,0.9,4.6,6.7,2.1,0.2,3.3,30.1
2,James Harden,SG,26,HOU,0.439,0.359,0.494,0.86,0.8,5.3,7.5,1.7,0.6,4.6,29
3,Kevin Durant,SF,27,OKC,0.505,0.387,0.569,0.898,0.6,7.6,5,1,1.2,3.5,28.2
4,DeMarcus Cousins,C,25,SAC,0.451,0.333,0.473,0.718,2.4,9.1,3.3,1.6,1.4,3.8,26.9
5,LeBron James,SF,31,CLE,0.52,0.309,0.573,0.731,1.5,6,6.8,1.4,0.6,3.3,25.3
6,Damian Lillard,PG,25,POR,0.419,0.375,0.45,0.892,0.6,3.4,6.8,0.9,0.4,3.2,25.1
7,Anthony Davis,PF,22,NOP,0.493,0.324,0.511,0.758,2.1,8.1,1.9,1.3,2,2,24.3
8,DeMar DeRozan,SG,26,TOR,0.446,0.338,0.458,0.85,0.8,3.7,4,1,0.3,2.2,23.5
9,Russell Westbrook,PG,27,OKC,0.454,0.296,0.503,0.812,1.8,6,10.4,2,0.3,4.3,23.5
10,Paul George,SF,25,IND,0.418,0.371,0.447,0.86,1,6,4.1,1.9,0.4,3.3,23.1
11,Isaiah Thomas,PG,26,BOS,0.428,0.359,0.462,0.871,0.6,2.4,6.2,1.1,0.1,2.7,22.2
12,Klay Thompson,SG,25,GSW,0.47,0.425,0.51,0.873,0.4,3.4,2.1,0.8,0.6,1.7,22.1
13,Carmelo Anthony,SF,31,NYK,0.434,0.339,0.463,0.829,1.4,6.4,4.2,0.9,0.5,2.4,21.8
14,Blake Griffin,PF,26,LAC,0.499,0.333,0.504,0.727,1.5,6.9,4.9,0.8,0.5,2.4,21.4
15,Kawhi Leonard,SF,24,SAS,0.506,0.443,0.528,0.874,1.3,5.5,2.6,1.8,1,1.5,21.2
16,Kyle Lowry,PG,29,TOR,0.427,0.388,0.461,0.811,0.7,4,6.4,2.1,0.4,2.9,21.2
17,Jimmy Butler,SG,26,CHI,0.454,0.312,0.489,0.832,1.2,4.2,4.8,1.6,0.6,2,20.9
18,Kemba Walker,PG,25,CHO,0.427,0.371,0.459,0.847,0.7,3.7,5.2,1.6,0.5,2.1,20.9
19,C.J. McCollum,SG,24,POR,0.448,0.417,0.463,0.827,0.6,2.7,4.3,1.2,0.3,2.5,20.8
20,Andrew Wiggins,SF,20,MIN,0.459,0.3,0.486,0.761,1.3,2.3,2,1,0.6,2.2,20.7
21,Brook Lopez,C,27,BRK,0.511,0.143,0.515,0.787,2.8,5.1,2,0.8,1.7,2.4,20.6
22,Eric Bledsoe,PG,26,PHO,0.453,0.372,0.482,0.802,0.6,3.5,6.1,2,0.6,3.5,20.4
23,John Wall,PG,25,WAS,0.424,0.351,0.448,0.791,0.5,4.4,10.2,1.9,0.8,4.1,19.9
24,Gordon Hayward,SF,25,UTA,0.433,0.349,0.477,0.824,0.8,4.2,3.7,1.2,0.3,2.5,19.7
25,Kyrie Irving,PG,23,CLE,0.448,0.321,0.502,0.885,0.8,2.1,4.7,1.1,0.3,2.3,19.6
26,Brandon Knight,SG,24,PHO,0.415,0.342,0.461,0.852,0.7,3.2,5.1,1.2,0.4,3.4,19.6
27,Danilo Gallinari,SF,27,DEN,0.41,0.364,0.434,0.868,1,4.3,2.5,0.8,0.4,1.5,19.5
28,Chris Paul,PG,30,LAC,0.462,0.371,0.501,0.896,0.5,3.7,10,2.1,0.2,2.6,19.5
29,Chris Bosh,PF,31,MIA,0.467,0.365,0.508,0.795,0.9,6.5,2.4,0.7,0.6,1.5,19.1
30,Dwyane Wade,SG,34,MIA,0.456,0.159,0.468,0.793,1.1,3,4.6,1.1,0.6,2.7,19
31,Reggie Jackson,PG,25,DET,0.434,0.353,0.464,0.864,0.7,2.5,6.2,0.7,0.1,2.8,18.8
32,Dirk Nowitzki,PF,37,DAL,0.448,0.368,0.483,0.893,0.7,5.8,1.8,0.7,0.7,1.1,18.3
33,Karl-Anthony Towns,C,20,MIN,0.542,0.341,0.559,0.811,2.8,7.7,2,0.7,1.7,2.2,18.3
34,Khris Middleton,SG,24,MIL,0.444,0.396,0.466,0.888,0.6,3.3,4.2,1.7,0.2,2.3,18.2
35,Nikola Vucevic,C,25,ORL,0.51,0.222,0.512,0.753,2.7,6.2,2.8,0.8,1.1,1.9,18.2
36,LaMarcus Aldridge,PF,30,SAS,0.513,0,0.521,0.858,2.4,6.2,1.5,0.5,1.1,1.3,18
37,Kobe Bryant,SF,37,LAL,0.358,0.285,0.41,0.826,0.6,3.1,2.8,0.9,0.2,2,17.6
38,Jahlil Okafor,C,20,PHI,0.508,0.167,0.511,0.686,2.3,4.7,1.2,0.4,1.2,2.3,17.5
39,Bradley Beal,SG,22,WAS,0.449,0.387,0.481,0.767,0.7,2.7,2.9,1,0.2,2,17.4
40,Rudy Gay,SF,29,SAC,0.463,0.344,0.495,0.78,1.5,5,1.7,1.4,0.7,2,17.2
41,Paul Millsap,PF,30,ATL,0.47,0.319,0.512,0.757,2.4,6.6,3.3,1.8,1.7,2.4,17.1
42,Ryan Anderson,PF,27,NOP,0.427,0.366,0.466,0.873,2,4,1.1,0.6,0.4,1.4,17
43,Giannis Antetokounmpo,PG,21,MIL,0.506,0.257,0.537,0.724,1.4,6.2,4.3,1.2,1.4,2.6,16.9
44,Jrue Holiday,PG,25,NOP,0.439,0.336,0.478,0.843,0.4,2.6,6,1.4,0.3,2.6,16.8
45,Marc Gasol,C,31,MEM,0.464,0.667,0.463,0.829,1.1,5.8,3.8,1,1.3,2.3,16.6
46,Pau Gasol,C,35,CHI,0.469,0.348,0.478,0.792,2.2,8.9,4.1,0.6,2,2.3,16.5
47,Derrick Favors,PF,24,UTA,0.515,0,0.518,0.709,2.7,5.4,1.5,1.2,1.5,1.7,16.4
48,Derrick Rose,PG,27,CHI,0.427,0.293,0.449,0.793,0.7,2.7,4.7,0.7,0.2,2.7,16.4
49,J.J. Redick,SG,31,LAC,0.48,0.475,0.484,0.888,0.1,1.7,1.4,0.6,0.1,1,16.3
50,Andre Drummond,C,22,DET,0.521,0.333,0.522,0.355,4.9,9.9,0.8,1.5,1.4,1.9,16.2
51,Kevin Love,PF,27,CLE,0.419,0.36,0.467,0.822,1.9,8,2.4,0.8,0.5,1.8,16
52,Victor Oladipo,SG,23,ORL,0.438,0.348,0.475,0.83,0.7,4.1,3.9,1.6,0.8,2.1,16
53,Jeff Teague,PG,27,ATL,0.439,0.4,0.454,0.837,0.4,2.3,5.9,1.2,0.3,2.8,15.7
54,Jordan Clarkson,SG,23,LAL,0.433,0.347,0.468,0.804,1.2,2.8,2.4,1.1,0.1,1.7,15.5
55,Evan Fournier,SF,23,ORL,0.462,0.4,0.506,0.836,0.4,2.4,2.7,1.2,0,1.7,15.4
56,Mike Conley,PG,28,MEM,0.422,0.363,0.449,0.834,0.5,2.5,6.1,1.2,0.3,1.5,15.3
57,Greg Monroe,C,25,MIL,0.522,0,0.522,0.74,2.8,6.1,2.3,0.9,0.8,1.6,15.3
58,Zach Randolph,PF,34,MEM,0.475,0.231,0.482,0.796,2.6,5.1,2.1,0.6,0.2,1.5,15.3
59,Lou Williams,SG,29,LAL,0.408,0.344,0.464,0.83,0.5,2.1,2.5,0.9,0.3,1.6,15.3
60,Avery Bradley,SG,25,BOS,0.447,0.361,0.505,0.78,0.6,2.3,2.1,1.5,0.3,1.4,15.2
61,Tyreke Evans,SG,26,NOP,0.433,0.388,0.45,0.796,0.8,4.4,6.6,1.3,0.3,2.9,15.2
62,Eric Gordon,SG,27,NOP,0.418,0.384,0.457,0.888,0.2,2,2.7,1,0.3,1.6,15.2
63,Al Horford,C,29,ATL,0.505,0.344,0.557,0.798,1.8,5.5,3.2,0.8,1.5,1.3,15.2
64,Thaddeus Young,PF,27,BRK,0.514,0.233,0.523,0.644,2.4,6.6,1.8,1.5,0.5,1.9,15.1
65,Nicolas Batum,SF,27,CHO,0.426,0.348,0.492,0.849,0.8,5.3,5.8,0.9,0.6,2.9,14.9
66,Tobias Harris,PF,23,TOT,0.469,0.335,0.518,0.831,1.3,5.4,2.2,0.9,0.5,1.4,14.7
67,Kentavious Caldwell-Pope,SG,22,DET,0.42,0.309,0.489,0.811,0.9,2.8,1.8,1.4,0.2,1.4,14.5
68,Rodney Hood,SG,23,UTA,0.42,0.359,0.472,0.86,0.5,2.9,2.7,0.9,0.2,1.6,14.5
69,Will Barton,SG,25,DEN,0.432,0.345,0.476,0.806,0.7,5.1,2.5,0.9,0.5,1.7,14.4
70,Kristaps Porzingis,PF,20,NYK,0.421,0.333,0.454,0.838,1.8,5.5,1.3,0.7,1.9,1.7,14.3
71,Jamal Crawford,SG,35,LAC,0.404,0.34,0.44,0.904,0.3,1.6,2.3,0.7,0.2,1.4,14.2
72,Jae Crowder,SF,25,BOS,0.443,0.336,0.529,0.82,1,4.2,1.8,1.7,0.5,1.1,14.2
73,Hassan Whiteside,C,26,MIA,0.606,,0.606,0.65,3.3,8.6,0.4,0.6,3.7,1.9,14.2
74,Goran Dragic,PG,29,MIA,0.477,0.312,0.527,0.727,0.8,3.1,5.8,1,0.2,2.6,14.1
75,Marcus Morris,SF,26,DET,0.434,0.362,0.467,0.749,1.1,3.9,2.5,0.8,0.3,1.8,14.1
76,Jabari Parker,PF,20,MIL,0.493,0.257,0.502,0.768,1.6,3.6,1.7,0.9,0.4,1.5,14.1
77,Deron Williams,PG,31,DAL,0.414,0.344,0.454,0.869,0.3,2.6,5.8,0.9,0.2,2.3,14.1
78,Darren Collison,PG,28,SAC,0.486,0.401,0.519,0.858,0.4,1.9,4.3,1,0.1,1.8,14
79,Draymond Green,PF,25,GSW,0.49,0.388,0.537,0.696,1.7,7.8,7.4,1.5,1.4,3.2,14
80,Zach LaVine,SG,20,MIN,0.452,0.389,0.482,0.793,0.3,2.5,3.1,0.8,0.2,1.9,14
81,Devin Booker,SG,19,PHO,0.423,0.343,0.464,0.84,0.4,2.1,2.6,0.6,0.3,2.1,13.8
82,Monta Ellis,SG,30,IND,0.427,0.309,0.472,0.786,0.5,2.8,4.7,1.9,0.5,2.5,13.8
83,Dwight Howard,C,30,HOU,0.62,0,0.626,0.489,3.4,8.4,1.4,1,1.6,2.3,13.7
84,Chandler Parsons,SF,27,DAL,0.492,0.414,0.54,0.684,0.5,4.2,2.8,0.8,0.3,1.6,13.7
85,Marcin Gortat,C,31,WAS,0.567,0,0.567,0.705,3,6.9,1.4,0.6,1.3,1.6,13.5
86,Alec Burks,SG,24,UTA,0.41,0.405,0.412,0.752,0.5,3,2,0.6,0.1,1.6,13.3
87,D'Angelo Russell,PG,19,LAL,0.41,0.351,0.447,0.737,0.6,2.8,3.3,1.2,0.2,2.5,13.2
88,Dahntay Jones,SF,35,CLE,0.429,0.5,0.417,,1,4,2,1,2,0,13
89,Arron Afflalo,SG,30,NYK,0.443,0.382,0.469,0.84,0.3,3.4,2,0.4,0.1,1.2,12.8
90,Michael Beasley,SF,27,HOU,0.522,0.333,0.531,0.776,1.5,3.5,0.8,0.6,0.5,1.2,12.8
91,Robert Covington,SF,25,PHI,0.385,0.353,0.452,0.791,1,5.3,1.4,1.6,0.6,2.1,12.8
92,Jarrett Jack,PG,32,BRK,0.391,0.304,0.426,0.893,0.3,4,7.4,1.1,0.2,2.9,12.8
93,Emmanuel Mudiay,PG,19,DEN,0.364,0.319,0.379,0.67,0.5,2.9,5.5,1,0.5,3.2,12.8
94,Jonas Valanciunas,C,23,TOR,0.565,,0.565,0.761,3.1,6.1,0.7,0.4,1.3,1.4,12.8
95,Trevor Ariza,SF,30,HOU,0.416,0.371,0.478,0.783,0.8,3.7,2.3,2,0.3,1.4,12.7
96,DeAndre Jordan,C,27,LAC,0.703,0,0.704,0.43,3.5,10.3,1.2,0.7,2.3,1.4,12.7
97,Enes Kanter,C,23,OKC,0.576,0.476,0.579,0.797,3,5.1,0.4,0.3,0.4,1.4,12.7
98,Michael Kidd-Gilchrist,SF,22,CHO,0.541,0.429,0.556,0.69,1.7,4.7,1.3,0.4,0.4,1.1,12.7
99,Serge Ibaka,PF,26,OKC,0.479,0.326,0.52,0.752,1.8,5,0.8,0.5,1.9,1.4,12.6
100,Ish Smith,PG,27,TOT,0.411,0.329,0.428,0.693,0.6,3.4,6.5,1.1,0.3,2.3,12.6
101,Kenneth Faried,PF,26,DEN,0.558,0.5,0.558,0.613,3.5,5.2,1.2,0.5,0.9,1.4,12.5
102,Wesley Matthews,SG,29,DAL,0.388,0.36,0.432,0.863,0.3,2.7,1.9,1,0.2,1,12.5
103,J.R. Smith,SG,30,CLE,0.415,0.4,0.438,0.634,0.6,2.3,1.7,1.1,0.3,0.8,12.4
104,Luol Deng,PF,30,MIA,0.455,0.344,0.513,0.755,1.5,4.5,1.9,1,0.4,1.1,12.3
105,Gary Harris,SG,21,DEN,0.469,0.354,0.543,0.82,0.7,2.2,1.9,1.3,0.2,1.3,12.3
106,Joe Johnson,SF,34,TOT,0.439,0.383,0.471,0.831,0.6,3,3.9,0.8,0,2,12.2
107,Mirza Teletovic,PF,30,PHO,0.427,0.393,0.476,0.774,0.7,3.1,1.1,0.4,0.3,1.1,12.2
108,George Hill,PG,29,IND,0.441,0.408,0.466,0.76,0.8,3.2,3.5,1.1,0.2,1.4,12.1
109,Al Jefferson,C,31,CHO,0.485,,0.485,0.649,1.2,5.2,1.5,0.6,0.9,0.7,12
110,Markieff Morris,PF,26,TOT,0.425,0.303,0.458,0.735,1.1,4.4,1.9,0.9,0.5,2.1,12
111,Tony Parker,PG,33,SAS,0.493,0.415,0.501,0.76,0.2,2.2,5.3,0.8,0.2,1.8,11.9
112,Rajon Rondo,PG,29,SAC,0.454,0.365,0.479,0.58,1.1,5,11.7,2,0.1,3.9,11.9
113,Omri Casspi,SF,27,SAC,0.481,0.409,0.537,0.648,0.8,5.1,1.4,0.8,0.2,1.4,11.8
114,C.J. Miles,SF,28,IND,0.409,0.367,0.474,0.75,0.4,2.3,1,0.8,0.5,1.1,11.8
115,Nikola Mirotic,PF,24,CHI,0.407,0.39,0.43,0.807,0.9,4.6,1.5,0.9,0.7,1.5,11.8
116,Harrison Barnes,SF,23,GSW,0.466,0.383,0.508,0.761,1.2,3.8,1.8,0.6,0.2,0.9,11.7
117,Jeff Green,SF,29,TOT,0.43,0.315,0.47,0.745,0.9,3.2,1.7,0.7,0.5,1.2,11.7
118,Jeremy Lin,SG,27,CHO,0.412,0.336,0.446,0.815,0.5,2.7,3,0.7,0.5,1.9,11.7
119,Marvin Williams,PF,29,CHO,0.452,0.402,0.504,0.833,1.6,4.9,1.4,0.7,1,0.8,11.7
120,Kent Bazemore,SF,26,ATL,0.441,0.357,0.502,0.815,0.4,4.7,2.3,1.3,0.5,1.8,11.6
121,Otto Porter,SF,22,WAS,0.473,0.367,0.536,0.754,1.3,3.9,1.6,1.4,0.4,0.9,11.6
122,Michael Carter-Williams,PG,24,MIL,0.452,0.273,0.472,0.654,0.9,4.2,5.2,1.5,0.8,2.8,11.5
123,Jordan Hamilton,SF,25,NOP,0.422,0.289,0.507,0.667,1.1,4.5,2.3,0.7,0.3,1.5,11.4
124,Julius Randle,PF,21,LAL,0.429,0.278,0.436,0.715,2.1,8.1,1.8,0.7,0.4,1.8,11.3
125,Bojan Bogdanovic,SF,26,BRK,0.433,0.382,0.474,0.833,0.5,2.8,1.3,0.4,0.1,1.5,11.2
126,Sean Kilpatrick,SG,26,TOT,0.456,0.342,0.538,0.896,0.4,1.4,0.9,0.4,0.1,1,11.1
127,Nerlens Noel,C,21,PHI,0.521,0.5,0.521,0.59,2.3,5.8,1.8,1.8,1.5,2.4,11.1
128,Isaiah Canaan,SG,24,PHI,0.36,0.363,0.354,0.833,0.3,2,1.8,0.7,0.2,1.2,11
129,DeMarre Carroll,SF,29,TOR,0.389,0.39,0.388,0.6,1.2,3.5,1,1.7,0.2,1.1,11
130,Dennis Schroder,PG,22,ATL,0.421,0.322,0.465,0.791,0.3,2.2,4.4,0.9,0.1,2.3,11
131,T.J. Warren,SF,22,PHO,0.501,0.4,0.52,0.703,1.2,1.9,0.9,0.8,0.3,0.7,11
132,J.J. Barea,PG,31,DAL,0.446,0.385,0.481,0.771,0.4,1.7,4.1,0.4,0,1.5,10.9
133,Elfrid Payton,PG,21,ORL,0.436,0.326,0.451,0.589,1.1,2.5,6.4,1.2,0.3,2.4,10.7
134,Trey Burke,PG,23,UTA,0.413,0.344,0.46,0.817,0.3,1.5,2.3,0.5,0.1,1.3,10.6
135,Norris Cole,PG,27,NOP,0.405,0.324,0.427,0.8,0.2,3.1,3.7,0.8,0.1,1.7,10.6
136,Shabazz Muhammad,SF,23,MIN,0.465,0.289,0.516,0.764,1.2,2,0.6,0.3,0.1,0.9,10.5
137,Evan Turner,SG,27,BOS,0.456,0.241,0.482,0.827,0.6,4.3,4.4,1,0.3,2.1,10.5
138,Jerryd Bayless,SG,27,MIL,0.423,0.437,0.408,0.778,0.4,2.3,3.1,0.9,0.2,1.4,10.4
139,Ersan Ilyasova,PF,28,TOT,0.424,0.371,0.458,0.721,1.9,3.5,0.9,0.7,0.4,1,10.4
140,Mario Chalmers,PG,29,TOT,0.41,0.309,0.461,0.832,0.4,2.2,3.8,1.4,0.2,1.8,10.3
141,Allen Crabbe,SG,23,POR,0.459,0.393,0.506,0.867,0.3,2.3,1.2,0.8,0.2,0.8,10.3
142,Robin Lopez,C,27,NYK,0.539,0,0.54,0.795,3.3,4.1,1.4,0.2,1.6,1.6,10.3
143,Jared Sullinger,PF,23,BOS,0.435,0.282,0.458,0.64,2.4,5.9,2.3,0.9,0.6,1.3,10.3
144,Myles Turner,C,19,IND,0.498,0.214,0.506,0.727,1.1,4.4,0.7,0.4,1.4,1.1,10.3
145,Al-Farouq Aminu,SF,25,POR,0.416,0.361,0.468,0.737,1.2,4.9,1.7,0.9,0.6,1.5,10.2
146,Marco Belinelli,SG,29,SAC,0.386,0.306,0.456,0.833,0.1,1.6,1.9,0.5,0,1.2,10.2
147,Gorgui Dieng,C,26,MIN,0.532,0.3,0.54,0.827,1.9,5.2,1.7,1.1,1.2,1.7,10.1
148,Ricky Rubio,PG,25,MIN,0.374,0.326,0.396,0.847,0.5,3.8,8.7,2.1,0.1,2.5,10.1
149,Matt Barnes,SF,35,MEM,0.381,0.322,0.449,0.804,1.1,4.4,2.1,1,0.8,1.6,10
150,Nikola Jokic,C,20,DEN,0.512,0.333,0.541,0.811,2.3,4.7,2.4,1,0.6,1.3,10
151,Kelly Olynyk,C,24,BOS,0.455,0.405,0.486,0.75,1,3,1.5,0.8,0.5,1.1,10
152,Patrick Beverley,PG,27,HOU,0.434,0.4,0.472,0.682,1,2.5,3.4,1.3,0.4,1.3,9.9
153,Terrence Ross,SF,24,TOR,0.431,0.386,0.484,0.79,0.3,2.2,0.8,0.7,0.3,0.6,9.9
154,Ramon Sessions,PG,29,WAS,0.473,0.324,0.507,0.756,0.3,2.2,2.9,0.6,0.1,1.4,9.9
155,Carl Landry,PF,32,PHI,0.556,0.462,0.561,0.736,1.4,2.7,0.9,0.3,0.3,0.6,9.8
156,Gary Neal,SG,31,WAS,0.465,0.41,0.489,0.855,0.3,1.8,1.2,0.5,0,0.7,9.8
157,Hollis Thompson,SG,24,PHI,0.397,0.38,0.42,0.719,0.7,2.8,1.3,0.5,0.3,1,9.8
158,Dion Waiters,SG,24,OKC,0.399,0.358,0.421,0.713,0.5,2.1,2,1,0.2,1.5,9.8
159,Jerami Grant,SF,21,PHI,0.419,0.24,0.477,0.658,1.3,3.4,1.8,0.7,1.6,1.4,9.7
160,Marcus Thornton,SG,28,TOT,0.399,0.337,0.46,0.848,0.6,1.8,1.4,0.8,0.1,0.8,9.7
161,Manu Ginobili,SG,38,SAS,0.453,0.391,0.496,0.813,0.4,2.1,3.1,1.1,0.2,1.7,9.6
162,Courtney Lee,SG,30,TOT,0.454,0.378,0.493,0.839,0.4,2.2,1.7,1.1,0.4,0.9,9.6
163,Raymond Felton,PG,31,DAL,0.406,0.282,0.463,0.847,0.5,2.8,3.6,0.9,0.2,1.5,9.5
164,Doug McDermott,SF,24,CHI,0.452,0.425,0.47,0.857,0.5,2,0.7,0.2,0.1,0.7,9.4
165,Ian Mahinmi,C,29,IND,0.589,,0.589,0.587,1.9,5.2,1.5,0.9,1.1,1.4,9.3
166,Kevin Martin,SG,32,TOT,0.372,0.36,0.378,0.89,0.3,1.7,1.1,0.5,0.1,1,9.3
167,Derrick Williams,SF,24,NYK,0.45,0.293,0.506,0.758,0.6,3.1,0.9,0.4,0.1,0.8,9.3
168,Jordan Farmar,PG,29,MEM,0.42,0.356,0.473,1,0.3,1.8,3.1,1.3,0.2,1.5,9.2
169,Aaron Gordon,PF,20,ORL,0.473,0.296,0.531,0.668,2,4.5,1.6,0.8,0.7,0.8,9.2
170,Nene Hilario,PF,33,WAS,0.544,0,0.549,0.578,0.9,3.6,1.7,0.9,0.5,1.3,9.2
171,Kyle Korver,SG,34,ATL,0.435,0.398,0.502,0.833,0.2,3.1,2.1,0.8,0.4,1.2,9.2
172,Rudy Gobert,C,23,UTA,0.559,,0.559,0.569,3.4,7.5,1.5,0.7,2.2,1.9,9.1
173,Mason Plumlee,C,25,POR,0.516,0,0.52,0.642,2.5,5.2,2.8,0.8,1,1.9,9.1
174,Marcus Smart,PG,21,BOS,0.348,0.253,0.427,0.777,1.2,2.9,3,1.5,0.3,1.3,9.1
175,Alex Len,C,22,PHO,0.423,0.143,0.426,0.728,2.3,5.3,1.2,0.5,0.8,1.9,9
176,Archie Goodwin,PG,21,PHO,0.417,0.232,0.474,0.674,0.5,2,2.1,0.5,0.2,1.8,8.9
177,Gerald Green,SG,30,MIA,0.392,0.323,0.446,0.783,0.4,2,0.8,0.6,0.3,0.7,8.9
178,Austin Rivers,SG,23,LAC,0.438,0.335,0.495,0.681,0.3,1.6,1.5,0.7,0.1,0.9,8.9
179,Rodney Stuckey,PG,29,IND,0.413,0.241,0.453,0.829,0.3,2.4,2.4,0.7,0.1,1.3,8.9
180,Jordan Hill,C,28,IND,0.506,0,0.507,0.712,2.1,4,1.2,0.5,0.5,1.3,8.8
181,Jeremy Lamb,SG,23,CHO,0.451,0.309,0.529,0.727,0.7,3.2,1.2,0.6,0.5,0.8,8.8
182,Toney Douglas,PG,29,NOP,0.411,0.399,0.421,0.848,0.4,1.9,2.6,1.1,0.1,1,8.7
183,Gerald Henderson,SG,28,POR,0.439,0.353,0.468,0.767,0.4,2.5,1,0.5,0.3,0.9,8.7
184,Tyler Johnson,SG,23,MIA,0.486,0.38,0.529,0.797,0.8,2.3,2.2,0.7,0.4,1.3,8.7
185,Terrence Jones,PF,24,HOU,0.452,0.316,0.49,0.664,1.2,3,0.8,0.5,0.8,1,8.7
186,Luis Scola,PF,35,TOR,0.45,0.404,0.467,0.726,1.1,3.6,0.9,0.6,0.4,0.9,8.7
187,Cody Zeller,C,23,CHO,0.529,0.1,0.539,0.754,1.9,4.3,1,0.8,0.9,0.9,8.7
188,Tim Duncan,C,39,SAS,0.488,0,0.49,0.702,1.9,5.4,2.7,0.8,1.3,1.5,8.6
189,Taj Gibson,PF,30,CHI,0.526,0,0.529,0.692,2.8,4.1,1.5,0.6,1.1,1.1,8.6
190,Shelvin Mack,PG,25,TOT,0.439,0.312,0.493,0.738,0.3,2.2,3.6,0.7,0.1,1.8,8.6
191,Zaza Pachulia,C,31,DAL,0.466,0,0.469,0.768,3.3,6.2,1.7,0.8,0.3,1.6,8.6
192,Cory Joseph,SG,24,TOR,0.439,0.273,0.478,0.764,0.5,2.1,3.1,0.8,0.3,1.3,8.5
193,Jon Leuer,PF,26,PHO,0.481,0.382,0.511,0.762,1.1,4.4,1.1,0.6,0.4,1.1,8.5
194,Patrick Mills,PG,27,SAS,0.425,0.384,0.469,0.81,0.3,1.6,2.8,0.7,0.1,0.9,8.5
195,Nik Stauskas,SG,22,PHI,0.385,0.326,0.473,0.771,0.3,2.2,1.9,0.6,0.3,1.3,8.5
196,Tony Allen,SG,34,MEM,0.458,0.357,0.468,0.652,1.6,3,1.1,1.7,0.3,1.2,8.4
197,Meyers Leonard,PF,23,POR,0.448,0.377,0.527,0.761,0.8,4.3,1.5,0.1,0.3,1.3,8.4
198,Tony Wroten,PG,22,PHI,0.338,0.176,0.396,0.541,0.3,2.4,2.5,0.4,0,3.6,8.4
199,Lance Stephenson,SF,25,TOT,0.481,0.385,0.5,0.784,0.6,2.7,1.9,0.6,0.1,1.4,8.3
200,Jusuf Nurkic,C,21,DEN,0.417,0,0.423,0.616,2,3.4,1.3,0.8,1.4,1.7,8.2
201,Lance Thomas,PF,27,NYK,0.442,0.404,0.458,0.857,0.6,1.6,0.9,0.4,0.1,1,8.2
202,Mo Williams,PG,33,CLE,0.437,0.353,0.48,0.905,0.1,1.6,2.4,0.3,0.1,1.4,8.2
203,Stanley Johnson,SF,19,DET,0.375,0.307,0.41,0.784,0.8,3.4,1.6,0.8,0.2,1.6,8.1
204,Steven Adams,C,22,OKC,0.613,,0.613,0.582,2.7,3.9,0.8,0.5,1.1,1.1,8
205,P.J. Tucker,SF,30,PHO,0.411,0.33,0.455,0.746,2,4.2,2.2,1.3,0.2,1.4,8
206,Jared Dudley,PF,30,WAS,0.478,0.42,0.534,0.735,0.7,2.9,2.1,0.9,0.2,1,7.9
207,Joffrey Lauvergne,C,24,DEN,0.513,0.245,0.557,0.899,1.3,3.6,0.9,0.2,0.3,0.9,7.9
208,David Lee,PF,32,TOT,0.531,0,0.533,0.763,1.8,3.7,1.5,0.4,0.5,1.2,7.8
209,O.J. Mayo,SG,28,MIL,0.371,0.321,0.421,0.775,0.3,2.2,2.9,1.2,0.2,1.8,7.8
210,Ben McLemore,SG,22,SAC,0.429,0.362,0.474,0.718,0.5,1.7,1.2,0.8,0.1,1.5,7.8
211,Tristan Thompson,PF,24,CLE,0.588,,0.588,0.616,3.3,5.7,0.8,0.5,0.6,0.7,7.8
212,Wayne Ellington,SG,28,BRK,0.389,0.358,0.416,0.857,0.3,2,1.1,0.6,0.1,0.6,7.7
213,Jameer Nelson,PG,33,DEN,0.368,0.299,0.429,0.857,0.5,2.5,4.9,0.6,0.1,1.7,7.7
214,Jose Calderon,PG,34,NYK,0.459,0.414,0.496,0.875,0.3,2.9,4.2,0.9,0.1,1.2,7.6
215,Langston Galloway,PG,24,NYK,0.393,0.344,0.423,0.754,0.5,3,2.5,0.9,0.3,0.7,7.6
216,Devin Harris,PG,32,DAL,0.447,0.329,0.532,0.721,0.3,1.9,1.8,0.9,0.2,1,7.6
217,Darrell Arthur,PF,27,DEN,0.452,0.385,0.473,0.755,1.2,3,1.4,0.8,0.7,0.9,7.5
218,D.J. Augustin,PG,28,TOT,0.423,0.405,0.44,0.805,0.1,1.4,3.2,0.6,0.1,1.4,7.5
219,Matthew Dellavedova,PG,25,CLE,0.405,0.41,0.401,0.864,0.4,1.7,4.4,0.6,0.1,1.5,7.5
220,Frank Kaminsky,C,22,CHO,0.41,0.337,0.455,0.73,0.9,3.3,1.2,0.5,0.5,0.7,7.5
221,E'Twaun Moore,SG,26,CHI,0.481,0.452,0.491,0.629,0.3,1.9,1.7,0.6,0.3,0.9,7.5
222,JaMychal Green,PF,25,MEM,0.465,0.333,0.478,0.752,1.8,3,0.9,0.6,0.4,1.1,7.4
223,Amir Johnson,PF,28,BOS,0.585,0.233,0.624,0.57,2.3,4.1,1.7,0.7,1.1,1.2,7.3
224,Shane Larkin,PG,23,BRK,0.442,0.361,0.464,0.776,0.4,1.9,4.4,1.2,0.2,1.9,7.3
225,Jodie Meeks,SG,28,DET,0.35,0.444,0.273,1,0.3,1.3,1,0,0,0.3,7.3
226,Garrett Temple,SF,29,WAS,0.398,0.345,0.453,0.728,0.5,2.2,1.8,0.9,0.2,0.8,7.3
227,Nick Young,SG,30,LAL,0.339,0.325,0.363,0.829,0.3,1.5,0.6,0.4,0.1,0.6,7.3
228,Brandon Bass,PF,30,LAL,0.549,0,0.552,0.845,1.6,2.7,1.1,0.5,0.8,0.6,7.2
229,Corey Brewer,SF,29,HOU,0.384,0.272,0.46,0.75,0.5,1.9,1.3,1,0.2,1,7.2
230,Tyson Chandler,C,33,PHO,0.583,0,0.585,0.62,2.7,6.1,1,0.5,0.7,1.4,7.2
231,Mike Dunleavy,SF,35,CHI,0.41,0.394,0.427,0.784,0.3,2.4,1.3,0.5,0.3,0.8,7.2
232,James Ennis,SF,25,TOT,0.478,0.448,0.509,0.735,1,1,1,0.7,0.2,0.9,7.2
233,Danny Green,SG,28,SAS,0.376,0.332,0.448,0.739,0.6,3.2,1.8,1,0.8,0.9,7.2
234,Jason Smith,C,29,ORL,0.485,0.25,0.493,0.806,0.7,2.2,0.8,0.4,0.9,0.8,7.2
235,Aaron Brooks,PG,31,CHI,0.401,0.357,0.43,0.766,0.3,1.2,2.6,0.4,0.1,1.2,7.1
236,Marreese Speights,C,28,GSW,0.432,0.387,0.439,0.825,1.1,2.3,0.8,0.3,0.5,0.9,7.1
237,David West,PF,35,SAS,0.545,0.429,0.546,0.788,0.9,3,1.8,0.6,0.7,0.9,7.1
238,Luke Babbitt,SF,26,NOP,0.422,0.404,0.433,0.78,0.5,2.6,1.1,0.2,0.1,0.5,7
239,Clint Capela,C,21,HOU,0.582,0,0.583,0.379,2.5,3.9,0.6,0.8,1.2,0.8,7
240,Willie Cauley-Stein,C,22,SAC,0.563,0,0.567,0.648,2,3.3,0.6,0.7,1,0.7,7
241,Festus Ezeli,C,26,GSW,0.548,,0.548,0.53,2,3.6,0.7,0.4,1.1,0.8,7
242,John Henson,C,25,MIL,0.564,0,0.566,0.59,1.5,2.4,0.9,0.3,1.9,1.1,7
243,Andre Iguodala,SF,32,GSW,0.478,0.351,0.57,0.614,0.8,3.2,3.4,1.1,0.3,1.2,7
244,Bobby Portis,PF,20,CHI,0.427,0.308,0.443,0.727,2,3.5,0.8,0.4,0.4,0.9,7
245,Donald Sloan,PG,28,BRK,0.44,0.384,0.462,0.75,0.3,2.6,4.4,0.5,0.1,1.3,7
246,Brandon Jennings,PG,26,TOT,0.368,0.329,0.409,0.731,0.3,1.7,3.5,0.6,0.1,1.2,6.9
247,Wesley Johnson,SF,28,LAC,0.404,0.333,0.51,0.652,0.5,2.6,0.6,1.1,0.7,0.7,6.9
248,Andrew Nicholson,PF,26,ORL,0.471,0.36,0.536,0.785,0.6,3,0.4,0.2,0.4,0.7,6.9
249,Patrick Patterson,PF,26,TOR,0.414,0.362,0.49,0.853,1,3.4,1.2,0.7,0.4,0.8,6.9
250,Brandan Wright,PF,28,MEM,0.673,,0.673,0.542,1.2,2.4,0.5,0.4,1.3,0.8,6.9
251,Seth Curry,PG,25,SAC,0.455,0.45,0.46,0.833,0.2,1.2,1.5,0.5,0.1,0.8,6.8
252,Kosta Koufos,C,26,SAC,0.532,,0.532,0.548,2.2,3.3,0.4,0.5,0.9,0.6,6.8
253,Andrea Bargnani,C,30,BRK,0.455,0.188,0.471,0.825,0.6,1.5,0.4,0.1,0.2,0.6,6.6
254,Vince Carter,SG,39,MEM,0.388,0.349,0.425,0.833,0.5,1.9,0.9,0.6,0.3,0.6,6.6
255,Josh Richardson,SG,22,MIA,0.452,0.461,0.446,0.667,0.4,1.7,1.4,0.7,0.5,0.7,6.6
256,Ed Davis,PF,26,POR,0.611,,0.611,0.559,2.8,4.6,1.1,0.7,0.9,0.8,6.5
257,Kris Humphries,PF,30,TOT,0.41,0.315,0.465,0.798,1.1,3,0.7,0.3,0.4,0.7,6.5
258,Henry Sims,C,25,BRK,0.429,,0.429,0.833,1.5,3.6,0.6,0.6,1,0.9,6.5
259,Leandro Barbosa,SG,33,GSW,0.462,0.355,0.508,0.839,0.4,1.3,1.2,0.6,0.1,0.8,6.4
260,Boris Diaw,PF,33,SAS,0.527,0.362,0.564,0.737,0.8,2.3,2.3,0.3,0.3,1.3,6.4
261,Tim Hardaway,SG,23,ATL,0.43,0.338,0.537,0.893,0.1,1.5,1,0.4,0.1,0.5,6.4
262,Maurice Harkless,SF,22,POR,0.474,0.279,0.576,0.622,1.3,2.3,0.9,0.6,0.4,0.8,6.4
263,Thabo Sefolosha,SF,31,ATL,0.505,0.339,0.589,0.626,0.7,3.8,1.4,1.1,0.5,0.9,6.4
264,Justise Winslow,SF,19,MIA,0.422,0.276,0.471,0.684,1,4.1,1.5,0.9,0.3,1.2,6.4
265,Aron Baynes,C,29,DET,0.505,0,0.508,0.764,1.7,3,0.6,0.3,0.6,0.8,6.3
266,Shaun Livingston,PG,30,GSW,0.536,0.167,0.548,0.86,0.5,1.6,3,0.7,0.3,1,6.3
267,Timofey Mozgov,C,29,CLE,0.565,0.143,0.574,0.716,1.4,3,0.4,0.3,0.8,0.9,6.3
268,P.J. Hairston,SF,23,TOT,0.355,0.29,0.449,0.781,0.4,2.3,0.6,0.5,0.2,0.6,6.2
269,Donatas Motiejunas,PF,25,HOU,0.439,0.281,0.5,0.642,1,1.9,1.1,0.5,0.1,1.2,6.2
270,Mike Scott,PF,27,ATL,0.468,0.392,0.523,0.794,0.7,2,1,0.3,0.2,0.6,6.2
271,Dante Cunningham,SF,28,NOP,0.451,0.316,0.55,0.695,0.7,2.2,1,0.5,0.4,0.5,6.1
272,Channing Frye,PF-C,32,TOT,0.438,0.387,0.545,0.857,0.5,2.8,1,0.4,0.4,0.6,6.1
273,Mario Hezonja,SF,20,ORL,0.433,0.349,0.504,0.907,0.4,1.9,1.4,0.5,0.2,1.2,6.1
274,Trey Lyles,PF,20,UTA,0.438,0.383,0.461,0.695,0.7,3,0.7,0.3,0.2,0.8,6.1
275,T.J. McConnell,PG,23,PHI,0.47,0.348,0.499,0.634,0.5,2.6,4.5,1.2,0.1,1.7,6.1
276,Paul Pierce,SF,38,LAC,0.363,0.31,0.445,0.818,0.2,2.6,1,0.5,0.3,0.9,6.1
277,Tyler Zeller,C,26,BOS,0.476,,0.476,0.815,1,1.9,0.5,0.2,0.4,0.8,6.1
278,Alexis Ajinca,C,27,NOP,0.476,0,0.478,0.839,1.3,3.3,0.5,0.3,0.6,0.9,6
279,Duje Dukan,SF,24,SAC,0.2,0.4,0,,2,2,1,1,0,0,6
280,Spencer Hawes,PF,27,CHO,0.405,0.373,0.422,0.831,0.9,3.4,1.9,0.4,0.5,1,6
281,Jonathon Simmons,SG,26,SAS,0.504,0.383,0.533,0.75,0.3,1.5,1.1,0.4,0.1,1,6
282,Josh Smith,PF,30,TOT,0.364,0.287,0.417,0.552,0.9,2.6,1.6,0.6,0.9,1.4,6
283,Trevor Booker,PF,28,UTA,0.49,0.293,0.513,0.67,2.1,3.6,1.1,0.7,0.5,1,5.9
284,Markel Brown,SG,24,BRK,0.394,0.314,0.443,0.755,0.4,1.6,1.5,0.6,0.2,0.9,5.9
285,Randy Foye,SG,32,TOT,0.351,0.3,0.405,0.824,0.3,1.6,2,0.5,0.4,1.1,5.9
286,Roy Hibbert,C,29,LAL,0.443,0,0.445,0.807,1.6,3.3,1.2,0.4,1.4,0.9,5.9
287,J.J. Hickson,C,27,TOT,0.516,0,0.519,0.447,1.1,2.7,0.7,0.4,0.4,0.7,5.9
288,Raul Neto,PG,23,UTA,0.431,0.395,0.453,0.743,0.2,1.3,2.1,0.8,0,1.3,5.9
289,Jason Terry,SG,38,HOU,0.402,0.356,0.504,0.818,0.2,0.9,1.4,0.7,0.1,0.7,5.9
290,Rondae Hollis-Jefferson,SF,21,BRK,0.457,0.286,0.476,0.712,1.3,4,1.5,1.3,0.6,0.9,5.8
291,Dwight Powell,PF,24,DAL,0.493,0.125,0.514,0.739,1.2,2.7,0.6,0.5,0.3,0.6,5.8
292,Iman Shumpert,SG,25,CLE,0.374,0.295,0.447,0.784,0.6,3.2,1.7,1,0.4,1.1,5.8
293,Amar'e Stoudemire,C,33,MIA,0.566,,0.566,0.746,1.3,3,0.5,0.3,0.8,0.9,5.8
294,Ty Lawson,PG,28,TOT,0.393,0.333,0.419,0.686,0.4,1.4,3.6,0.8,0.1,1.4,5.7
295,Jarell Martin,PF,21,MEM,0.466,0,0.474,0.726,1.4,1.7,0.6,0.3,0.3,0.7,5.7
296,Xavier Munford,SG,23,MEM,0.416,0.391,0.426,0.5,0.2,2,1.6,0.9,0.2,1.1,5.7
297,Greivis Vasquez,PG,29,MIL,0.326,0.247,0.415,0.846,0.2,1.8,4,0.4,0,1.7,5.7
298,Troy Daniels,SG,24,CHO,0.476,0.484,0.462,0.556,0.2,1.2,0.5,0.3,0.1,0.6,5.6
299,Bryce Dejean-Jones,SG,23,NOP,0.406,0.375,0.432,0.524,0.6,2.9,1.1,0.7,0.1,0.8,5.6
300,Jerian Grant,PG,23,NYK,0.394,0.22,0.454,0.78,0.3,1.6,2.3,0.7,0.1,1.1,5.6
301,Richaun Holmes,PF,22,PHI,0.514,0.182,0.596,0.689,1.2,1.4,0.6,0.4,0.8,0.6,5.6
302,Anthony Morrow,SG,30,OKC,0.408,0.387,0.442,0.744,0.1,0.8,0.4,0.3,0.1,0.3,5.6
303,Norman Powell,SG,22,TOR,0.424,0.404,0.436,0.811,0.3,1.9,1,0.6,0.2,0.7,5.6
304,Tiago Splitter,C,31,ATL,0.523,0,0.529,0.813,1.3,2.1,0.8,0.6,0.3,0.7,5.6
305,Cole Aldrich,C,27,LAC,0.596,,0.596,0.714,1.4,3.4,0.8,0.8,1.1,1.1,5.5
306,Bismack Biyombo,C,23,TOR,0.542,0,0.544,0.628,2.2,5.8,0.4,0.2,1.6,0.9,5.5
307,Richard Jefferson,SF,35,CLE,0.458,0.382,0.554,0.667,0.2,1.5,0.8,0.4,0.2,0.6,5.5
308,Boban Marjanovic,C,27,SAS,0.603,,0.603,0.763,1.4,2.2,0.4,0.2,0.4,0.5,5.5
309,Larry Nance Jr.,PF,23,LAL,0.527,0.1,0.541,0.681,1.6,3.3,0.7,0.9,0.4,0.7,5.5
310,Lavoy Allen,PF,26,IND,0.516,,0.516,0.63,2.1,3.3,1,0.3,0.5,0.9,5.4
311,Andrew Bogut,C,31,GSW,0.627,1,0.626,0.48,1.7,5.3,2.3,0.5,1.6,1.2,5.4
312,Ronnie Price,PG,32,PHO,0.384,0.347,0.453,0.756,0.4,1.2,2.4,1.2,0.2,1.1,5.3
313,Tony Snell,SF,24,CHI,0.372,0.361,0.38,0.909,0.3,2.8,1,0.3,0.3,0.8,5.3
314,Anthony Tolliver,PF,30,DET,0.386,0.36,0.5,0.617,0.5,2.6,0.7,0.4,0.2,0.4,5.3
315,Quincy Acy,PF,25,SAC,0.556,0.388,0.606,0.735,1.1,2.1,0.5,0.5,0.4,0.5,5.2
316,Nemanja Bjelica,PF,27,MIN,0.468,0.384,0.564,0.727,0.8,2.7,1.4,0.4,0.4,0.8,5.1
317,Tim Frazier,PG,25,TOT,0.419,0.333,0.442,0.716,0.5,1.6,3.2,0.6,0,1.3,5.1
318,JaVale McGee,C,28,DAL,0.575,0,0.579,0.5,1.6,2.4,0.1,0.1,0.8,0.6,5.1
319,Miles Plumlee,C,27,MIL,0.601,,0.601,0.576,1.5,2.3,0.3,0.3,0.8,0.7,5.1
320,JaKarr Sampson,SF,22,TOT,0.442,0.222,0.496,0.656,0.6,2,0.6,0.3,0.5,1,5.1
321,Charlie Villanueva,PF,31,DAL,0.382,0.273,0.503,0.917,0.4,2.1,0.4,0.3,0.2,0.5,5.1
322,Alan Anderson,SG,33,WAS,0.356,0.324,0.409,0.733,0.1,2,1.1,0.3,0.1,0.2,5
323,James Johnson,PF,28,TOR,0.475,0.303,0.54,0.574,0.5,1.7,1.2,0.5,0.6,0.9,5
324,Cameron Payne,PG,21,OKC,0.41,0.324,0.467,0.792,0.2,1.3,1.9,0.6,0.1,0.8,5
325,Metta World Peace,SF,36,LAL,0.311,0.31,0.312,0.702,0.5,2,0.8,0.6,0.3,0.4,5
326,Sasha Vujacic,SG,31,NYK,0.383,0.364,0.403,0.821,0.4,2,1.4,0.6,0.1,0.7,4.9
327,Spencer Dinwiddie,PG,22,DET,0.352,0.1,0.409,0.576,0.3,1.1,1.8,0.3,0,0.6,4.8
328,Kyle O'Quinn,PF,25,NYK,0.476,0.227,0.498,0.767,1.2,2.7,1.1,0.3,0.8,0.9,4.8
329,Andre Roberson,SG,24,OKC,0.496,0.311,0.608,0.611,1.1,2.5,0.7,0.8,0.6,0.5,4.8
330,Chris McCullough,PF,20,BRK,0.404,0.382,0.413,0.478,1,1.8,0.4,1.2,0.5,0.6,4.7
331,Willie Reed,PF,25,BRK,0.571,,0.571,0.545,1.3,1.9,0.3,0.2,0.8,0.4,4.7
332,Beno Udrih,PG,33,TOT,0.434,0.341,0.461,0.9,0.2,1.5,2.6,0.3,0,1.2,4.7
333,Kyle Anderson,SF,22,SAS,0.468,0.324,0.488,0.747,0.3,2.8,1.6,0.8,0.4,0.8,4.5
334,Tyler Ennis,PG,21,MIL,0.449,0.333,0.48,0.735,0.3,1.3,2.1,0.5,0,1,4.5
335,Alonzo Gee,SF,28,NOP,0.518,0.283,0.59,0.667,0.8,2.5,1,0.9,0.2,0.8,4.5
336,Justin Holiday,SG,26,TOT,0.386,0.343,0.423,0.73,0.2,1.5,1.1,0.6,0.4,0.7,4.5
337,Marcelo Huertas,PG,32,LAL,0.422,0.262,0.479,0.931,0.3,1.4,3.4,0.5,0.1,1.5,4.5
338,Jordan McRae,PG,24,TOT,0.436,0.455,0.429,0.75,0.2,0.7,1.1,0.1,0,0.7,4.5
339,Nikola Pekovic,C,30,MIN,0.38,,0.38,0.8,0.6,1.2,0.9,0.1,0,0.8,4.5
340,Steve Blake,PG,35,DET,0.388,0.344,0.461,0.8,0.2,1.4,3.4,0.4,0.1,1.4,4.4
341,Dewayne Dedmon,C,26,ORL,0.559,,0.559,0.75,1.2,2.8,0.2,0.4,0.8,0.6,4.4
342,Jonas Jerebko,PF,28,BOS,0.413,0.398,0.421,0.782,1,2.7,0.8,0.3,0.3,0.7,4.4
343,Briante Weber,PG,23,TOT,0.359,0,0.412,0.75,1.1,2.4,3,1.3,0.4,1.3,4.4
344,Joakim Noah,C,30,CHI,0.383,0,0.386,0.489,3,5.8,3.8,0.6,1,1.8,4.3
345,Thomas Robinson,PF,24,BRK,0.447,0,0.448,0.431,1.9,3.1,0.6,0.5,0.5,1,4.3
346,C.J. Watson,PG,31,ORL,0.343,0.292,0.371,0.872,0.3,1.7,2.7,0.6,0.2,0.8,4.3
347,Jeff Withey,C,25,UTA,0.537,0,0.544,0.729,1.1,2.3,0.4,0.4,1,0.5,4.3
348,Solomon Hill,SF,24,IND,0.447,0.324,0.515,0.857,0.7,2.2,1,0.6,0.2,0.6,4.2
349,Joe Ingles,SF,28,UTA,0.426,0.386,0.531,0.722,0.2,1.6,1.2,0.7,0,0.8,4.2
350,Tyus Jones,PG,19,MIN,0.359,0.302,0.388,0.718,0.2,1.1,2.9,0.8,0.1,0.9,4.2
351,Ryan Kelly,PF,24,LAL,0.369,0.135,0.446,0.685,0.6,2.8,0.6,0.4,0.3,0.5,4.2
352,Brandon Rush,SG,30,GSW,0.427,0.414,0.447,0.643,0.3,2.2,0.8,0.3,0.3,0.5,4.2
353,Elton Brand,C,36,PHI,0.431,0,0.437,0.889,0.5,3.2,1.1,0.5,0.5,0.6,4.1
354,Chase Budinger,SF,27,TOT,0.435,0.279,0.523,0.696,0.7,1.6,1,0.5,0.2,0.7,4.1
355,John Jenkins,SG,24,TOT,0.444,0.314,0.505,0.833,0.2,1.1,0.8,0.2,0,0.6,4.1
356,Omer Asik,C,29,NOP,0.533,,0.533,0.545,1.8,4.3,0.4,0.3,0.3,0.9,4
357,Anthony Brown,SF,23,LAL,0.31,0.286,0.339,0.85,0.3,2.1,0.7,0.5,0.2,0.5,4
358,Rakeem Christmas,PF,24,IND,1,,1,,1,0,0,0,0,0,4
359,Darrun Hilliard,SG,22,DET,0.397,0.38,0.407,0.725,0.1,1.1,0.7,0.2,0,0.5,4
360,Brian Roberts,PG,30,TOT,0.448,0.357,0.48,0.894,0.1,0.7,1.1,0.2,0,0.5,4
361,Chris Andersen,C,37,TOT,0.528,0.286,0.586,0.694,1.3,2.3,0.4,0.6,0.5,0.3,3.9
362,Kevin Seraphin,C,26,NYK,0.41,0,0.414,0.826,0.6,2,1,0.2,0.8,0.9,3.9
363,Justin Anderson,SF,22,DAL,0.406,0.265,0.533,0.8,0.3,2.1,0.5,0.3,0.5,0.4,3.8
364,Glenn Robinson,SF,22,IND,0.43,0.378,0.447,0.692,0.3,1.2,0.6,0.4,0.2,0.4,3.8
365,Delon Wright,PG,23,TOR,0.45,0.385,0.463,0.743,0.3,1.1,1.1,0.3,0.1,0.6,3.8
366,Joe Young,PG,23,IND,0.367,0.217,0.423,0.8,0.1,1.1,1.6,0.4,0,0.8,3.8
367,Caron Butler,SF,35,SAC,0.424,0.167,0.537,0.833,0.3,1,0.6,0.5,0.1,0.2,3.7
368,Orlando Johnson,SG,26,TOT,0.265,0.2,0.292,0.75,0.6,1.6,0.3,0.4,0.4,0.6,3.7
369,James Jones,SF,35,CLE,0.408,0.394,0.447,0.808,0.2,0.9,0.3,0.2,0.2,0.3,3.7
370,Kendall Marshall,PG,24,PHI,0.364,0.327,0.391,0.692,0.1,0.9,2.4,0.5,0.1,1.4,3.7
371,Salah Mejri,C,29,DAL,0.628,0,0.636,0.587,1.2,2.4,0.3,0.2,1.1,0.7,3.7
372,Andre Miller,PG,39,TOT,0.557,0.25,0.582,0.75,0.3,1,2.2,0.4,0,0.9,3.7
373,Shabazz Napier,PG,24,ORL,0.338,0.327,0.351,0.733,0.2,0.8,1.8,0.4,0,0.8,3.7
374,Kelly Oubre,SF,20,WAS,0.427,0.316,0.492,0.633,0.4,1.7,0.2,0.3,0.1,0.5,3.7
375,Ian Clark,SG,24,GSW,0.441,0.357,0.5,0.824,0.2,0.8,1,0.3,0.2,0.7,3.6
376,Montrezl Harrell,PF,22,HOU,0.644,0,0.652,0.522,0.6,1,0.4,0.3,0.3,0.4,3.6
377,Josh McRoberts,PF,28,MIA,0.372,0.245,0.434,0.7,0.5,2,1.9,0.4,0.2,0.7,3.6
378,Axel Toupane,SF,23,DEN,0.357,0.325,0.4,0.765,0.4,1.1,0.7,0.3,0.3,0.3,3.6
379,Noah Vonleh,PF,20,POR,0.421,0.239,0.457,0.745,1.2,2.7,0.4,0.3,0.3,0.6,3.6
380,Christian Wood,PF,20,PHI,0.415,0.364,0.429,0.619,0.8,1.5,0.2,0.3,0.4,0.1,3.6
381,Jordan Adams,SG,21,MEM,0.333,0,0.4,0.6,0,1,1.5,1.5,0,1,3.5
382,James Anderson,SG,26,SAC,0.376,0.267,0.478,0.759,0.3,1.4,0.8,0.4,0.3,0.8,3.5
383,Robert Sacre,C,26,LAL,0.413,,0.413,0.658,1.3,1.6,0.6,0.2,0.4,0.5,3.5
384,Tarik Black,C,24,LAL,0.548,,0.548,0.422,1.1,2.9,0.4,0.4,0.5,0.6,3.4
385,Cristiano Felicio,C,23,CHI,0.556,0,0.588,0.714,1,2.3,0.8,0.2,0.4,0.4,3.4
386,Ryan Hollins,C,31,TOT,0.62,,0.62,0.619,1.3,1.4,0.3,0.2,0.6,0.6,3.4
387,Kyle Singler,SF,27,OKC,0.389,0.309,0.452,0.659,0.7,1.3,0.4,0.4,0.1,0.5,3.4
388,Reggie Bullock,SF,24,DET,0.439,0.415,0.467,0.933,0.4,1.5,0.7,0.3,0.1,0.2,3.3
389,Ray McCallum,PG,24,TOT,0.377,0.357,0.385,0.8,0.2,1,1.5,0.3,0.2,0.6,3.3
390,Mike Muscala,C,24,ATL,0.5,0.308,0.566,0.795,0.6,1.3,0.6,0.2,0.5,0.5,3.3
391,Phil Pressey,PG,24,TOT,0.385,0.222,0.433,0.52,0.1,1.2,3.3,0.8,0.2,1.4,3.3
392,Kevin Garnett,PF,39,MIN,0.47,0,0.474,0.667,0.4,3.6,1.6,0.7,0.3,0.4,3.2
393,Luc Mbah a Moute,PF,29,LAC,0.454,0.325,0.485,0.526,0.8,1.5,0.4,0.6,0.3,0.5,3.1
394,Jason Thompson,C,29,TOT,0.481,0.333,0.505,0.704,0.7,2.2,0.6,0.3,0.4,0.3,3.1
395,Rashad Vaughn,SG,19,MIL,0.305,0.293,0.319,0.8,0.2,1.1,0.6,0.4,0.2,0.4,3.1
396,Thanasis Antetokounmpo,SF,23,NYK,0.75,0,1,,0,0.5,0,0,0,0,3
397,Kirk Hinrich,PG,35,TOT,0.38,0.387,0.373,0.938,0.2,1.3,1.6,0.3,0,0.7,3
398,Johnny O'Bryant,PF,22,MIL,0.411,1,0.409,0.675,1,1.7,0.5,0.3,0.1,0.5,3
399,C.J. Wilcox,SG,25,LAC,0.394,0.391,0.395,0.75,0,0.5,0.4,0.4,0.1,0.1,3
400,Chris Johnson,SF,25,UTA,0.371,0.273,0.474,0.81,0.4,1.5,0.6,0.5,0.3,0.6,2.9
401,James Michael McAdoo,PF,23,GSW,0.536,0.5,0.537,0.531,0.7,0.7,0.4,0.2,0.2,0.4,2.9
402,Tayshaun Prince,SF,35,MIN,0.445,0.174,0.476,0.684,0.4,1.5,0.9,0.5,0.2,0.4,2.9
403,Alan Williams,PF,23,PHO,0.417,,0.417,0.643,1.4,2.4,0.5,0.4,0.5,0.6,2.9
404,Andrew Goudelock,PG,27,HOU,0.45,0.111,0.727,0.75,0.1,0.1,0.5,0.8,0.3,0.9,2.8
405,Josh Huestis,PF,24,OKC,0.417,0.667,0.167,0,0.4,1.6,0,0.2,0.4,0.6,2.8
406,Cory Jefferson,PF,25,PHO,0.409,0,0.429,0.667,0.8,1.3,0,0,0.1,0,2.8
407,Chris Kaman,C,33,POR,0.465,0.25,0.487,1,0.4,1.1,0.7,0.1,0.1,0.5,2.8
408,Alex Stepheson,PF,28,TOT,0.333,,0.333,0.333,2.4,1.1,0.3,0.1,0.6,0,2.8
409,Rasual Butler,SF,36,SAS,0.471,0.306,0.618,0.688,0.1,1.2,0.5,0.3,0.5,0.2,2.7
410,Jared Cunningham,SG,24,TOT,0.343,0.308,0.364,0.655,0.1,0.8,0.5,0.3,0,0.5,2.7
411,Drew Gooden,PF,34,WAS,0.32,0.171,0.419,0.643,0.9,1.9,0.4,0.3,0.4,0.4,2.7
412,R.J. Hunter,SG,22,BOS,0.367,0.302,0.486,0.857,0.1,1,0.4,0.4,0.1,0.3,2.7
413,Justin Harper,PF,26,DET,0.4,0.444,0,0.5,0,0.2,0,0.2,0,0.4,2.6
414,Kostas Papanikolaou,SF,25,DEN,0.364,0.313,0.412,0.643,0.3,1.2,0.6,0.5,0.2,0.8,2.6
415,Anderson Varejao,C,33,TOT,0.427,0,0.431,0.64,0.7,2,0.7,0.3,0.2,0.4,2.6
416,Matt Bonner,C,35,SAS,0.509,0.441,0.609,0.75,0.1,0.8,0.3,0.2,0,0.1,2.5
417,Lorenzo Brown,PG,25,PHO,0.32,0.125,0.412,0.75,0,0.9,1.4,0.4,0.1,1.1,2.5
418,Adreian Payne,PF,24,MIN,0.366,0.281,0.389,0.654,0.4,1.8,0.6,0.3,0.2,0.7,2.5
419,Kendrick Perkins,C,31,NOP,0.533,,0.533,0.44,0.7,2.8,0.8,0.3,0.3,1.1,2.5
420,Pablo Prigioni,PG,38,LAC,0.374,0.295,0.519,0.875,0.6,1.3,2.2,0.9,0,0.8,2.5
421,Sonny Weems,SG-SF,29,TOT,0.382,0.366,0.391,0.533,0.2,1.1,1.1,0.2,0,1,2.5
422,Jarell Eddie,SF,24,WAS,0.308,0.319,0.278,1,0.1,0.8,0.2,0.2,0,0,2.4
423,Jeremy Evans,SF,28,DAL,0.542,0.25,0.688,0.714,0.4,1.4,0.1,0.2,0.3,0.2,2.4
424,Tyler Hansbrough,PF,30,CHO,0.451,0.667,0.441,0.585,0.9,1.1,0.2,0.3,0.2,0.3,2.4
425,Sergey Karasev,SF,22,BRK,0.405,0.297,0.514,0.929,0.2,1.3,0.9,0.2,0.1,0.6,2.4
426,K.J. McDaniels,SF,22,HOU,0.403,0.28,0.468,0.8,0.4,0.7,0.3,0.2,0.2,0.5,2.4
427,Steve Novak,PF,32,TOT,0.444,0.467,0.333,1,0,0.5,0,0,0,0.1,2.4
428,Lamar Patterson,SG,24,ATL,0.35,0.245,0.516,0.727,0.1,1.3,1.1,0.3,0.1,0.7,2.4
429,Greg Smith,PF,25,MIN,0.563,,0.563,0.412,0.7,1.7,0.3,0.2,0.1,0.4,2.4
430,Damjan Rudez,SF,29,MIN,0.403,0.34,0.667,1,0.2,0.5,0.3,0.1,0,0.4,2.3
431,Walter Tavares,C,23,ATL,0.579,,0.579,0.375,0.6,1.3,0.3,0.1,0.5,0.5,2.3
432,Lucas Nogueira,C,23,TOR,0.636,0.333,0.659,0.533,0.6,1,0.2,0.4,0.4,0.4,2.2
433,DeJuan Blair,C,26,WAS,0.412,0,0.418,0.385,0.7,1.3,0.4,0.3,0.1,0.5,2.1
434,Nick Collison,PF,35,OKC,0.459,0,0.467,0.697,1.2,1.7,0.9,0.3,0.3,0.8,2.1
435,Chris Copeland,PF,31,MIL,0.333,0.278,0.467,0.857,0,0.4,0.5,0.1,0,0.3,2.1
436,Devyn Marble,SG,23,ORL,0.296,0.25,0.333,0.417,0.2,1.1,0.4,0.5,0,0.3,2.1
437,Coty Clarke,SF,23,BOS,0.5,1,0,,0,0.3,0,0,0,0.3,2
438,Chuck Hayes,C,32,HOU,0.5,,0.5,1,0,4,1,0,0,1.5,2
439,Tibor Pleiss,C,26,UTA,0.44,0,0.478,1,0.5,0.8,0.2,0.1,0.2,0.7,2
440,Cameron Bairstow,C,25,CHI,0.325,0.2,0.343,0.875,0.2,1.3,0.3,0.1,0.2,0.2,1.9
441,Lou Amundson,PF,33,NYK,0.358,,0.358,0.519,0.8,0.9,0.4,0.2,0.2,0.5,1.8
442,Jeff Ayres,C,28,LAC,0.522,0,0.545,1,0.2,1.1,0.3,0,0.2,0.4,1.8
443,Cleanthony Early,SF,24,NYK,0.3,0.267,0.32,0.75,0.2,1.3,0.4,0.1,0.2,0.5,1.8
444,Jorge Gutierrez,PG,27,CHO,0.545,0,0.667,0.909,0,0.6,1.4,0.3,0,0.5,1.8
445,Damien Inglis,SF,20,MIL,0.351,0.231,0.417,0.875,0.1,1.5,0.5,0.3,0.2,0.6,1.8
446,Kevon Looney,PF,19,GSW,0.571,0.5,0.6,,0.8,1.2,0,0,0,0.2,1.8
447,Elijah Millsap,SG,28,UTA,0.282,0.083,0.37,0.722,0.3,1.5,1,0.4,0.2,0.5,1.8
448,Terry Rozier,PG,21,BOS,0.274,0.222,0.291,0.8,0.6,1,0.9,0.2,0,0.5,1.8
449,Udonis Haslem,PF,35,MIA,0.377,0.111,0.423,0.75,0.3,1.8,0.4,0.1,0.1,0.1,1.6
450,Nazr Mohammed,C,38,OKC,0.6,,0.6,1,0.2,0.6,0,0,0,0.6,1.6
451,Shayne Whittington,PF,24,IND,0.455,0,0.556,0.5,0.7,1,0.4,0.1,0.1,0.7,1.6
452,Elliot Williams,PG,26,MEM,0.2,0.25,0.167,0.75,0.2,0.6,0.8,0,0,0.2,1.6
453,Anthony Bennett,PF,22,TOR,0.296,0.214,0.385,0.9,0.3,0.9,0,0.3,0,0.2,1.5
454,Jimmer Fredette,SG,26,TOT,0.4,0.5,0.333,0.8,0,0,0.2,0.2,0,0.3,1.5
455,Russ Smith,PG,24,MEM,0.318,0.2,0.353,0.615,0.1,0.5,0.7,0.3,0.1,0.5,1.5
456,Erick Green,PG,24,TOT,0.385,0.2,0.5,1,0.3,0.3,0.3,0.1,0,0,1.4
457,Cliff Alexander,PF,20,POR,0.5,,0.5,,0.3,0.5,0,0.1,0.3,0.1,1.3
458,Mitch McGary,PF,23,OKC,0.478,0,0.579,0.4,0.2,0.7,0.2,0.1,0.1,0.4,1.3
459,Jordan Mickey,PF,21,BOS,0.364,,0.364,0.5,0.4,0.4,0.1,0,0.7,0.1,1.3
460,Mike Miller,SF,35,DEN,0.355,0.365,0.3,,0.1,1,0.9,0.3,0.1,0.4,1.3
461,Keith Appling,PG,23,ORL,0.25,0,0.4,1,0,0.2,0.2,0.2,0,0.6,1.2
462,Luis Montero,SG,22,POR,0.263,0.111,0.4,0.75,0,0.3,0.1,0,0,0.3,1.2
463,Pat Connaughton,SG,23,POR,0.265,0.238,0.286,1,0.3,0.6,0.3,0.1,0,0.3,1.1
464,Bryce Cotton,PG,23,TOT,0.4,0,0.571,,0,0,0.4,0.4,0,0.6,1
465,Eric Moreland,PF,24,SAC,0.5,,0.5,0.5,0.4,1,0.1,0,0.5,0.4,1
466,Jarnell Stokes,C,22,TOT,0.6,,0.6,0.5,0.1,0.4,0.1,0.1,0,0,1
467,James Young,SG,20,BOS,0.306,0.231,0.5,0.25,0.1,0.8,0.3,0.2,0,0.2,1
468,Joel Anthony,C,33,DET,0.6,,0.6,0.75,0.4,0.7,0.1,0.1,0.6,0.1,0.9
469,Aaron Harrison,SG,21,CHO,0.263,0.3,0.222,0.417,0.2,0.5,0.1,0.3,0,0.2,0.9
470,Sasha Kaun,C,30,CLE,0.529,,0.529,0.455,0.5,0.6,0.1,0.2,0.2,0.3,0.9
471,Branden Dawson,PF,22,LAC,0.4,,0.4,1,0.3,0.3,0,0,0.2,0,0.8
472,Joe Harris,SG,24,CLE,0.25,0.25,,,0,0.6,0.4,0,0,0.2,0.6
473,Bruno Caboclo,SF,20,TOR,0.083,0.143,0,,0.2,0.2,0.2,0.3,0.2,0.7,0.5
474,Sam Dekker,SF,21,HOU,,,,,0,0.3,0,0.3,0,0,0
475,J.J. O'Brien,SF,23,UTA,0,,0,,0,0.5,0,0.5,0,0,0
476,Nate Robinson,PG,31,NOP,0,0,,,0,0,2,0.5,0,0,0